[
  {
    "code": "AF",
    "name": "Africa",
    "countries": [
      {
        "code": "DZ",
        "name": "Algeria, People's Democratic Republic of",
        "dial_code": 213
      },
      { "code": "AO", "name": "Angola, Republic of", "dial_code": 244 },
      { "code": "BJ", "name": "Benin, Republic of", "dial_code": 229 },
      { "code": "BW", "name": "Botswana, Republic of", "dial_code": 267 },
      { "code": "BF", "name": "Burkina Faso", "dial_code": 226 },
      { "code": "BI", "name": "Burundi, Republic of", "dial_code": 257 },
      { "code": "CM", "name": "Cameroon, Republic of", "dial_code": 237 },
      { "code": "CV", "name": "Cape Verde, Republic of", "dial_code": 238 },
      { "code": "CF", "name": "Central African Republic", "dial_code": 236 },
      { "code": "TD", "name": "Chad, Republic of", "dial_code": 235 },
      { "code": "KM", "name": "Comoros, Union of the", "dial_code": 269 },
      {
        "code": "CD",
        "name": "Congo, Democratic Republic of the",
        "dial_code": 243
      },
      { "code": "CG", "name": "Congo, Republic of the", "dial_code": 242 },
      { "code": "CI", "name": "Cote d'Ivoire, Republic of", "dial_code": 225 },
      { "code": "DJ", "name": "Djibouti, Republic of", "dial_code": 253 },
      { "code": "EG", "name": "Egypt, Arab Republic of", "dial_code": 20 },
      {
        "code": "GQ",
        "name": "Equatorial Guinea, Republic of",
        "dial_code": 240
      },
      { "code": "ER", "name": "Eritrea, State of", "dial_code": 291 },
      {
        "code": "ET",
        "name": "Ethiopia, Federal Democratic Republic of",
        "dial_code": 251
      },
      { "code": "GA", "name": "Gabon, Gabonese Republic", "dial_code": 241 },
      { "code": "GM", "name": "Gambia, Republic of the", "dial_code": 220 },
      { "code": "GH", "name": "Ghana, Republic of", "dial_code": 233 },
      { "code": "GN", "name": "Guinea, Republic of", "dial_code": 224 },
      { "code": "GW", "name": "Guinea-Bissau, Republic of", "dial_code": 245 },
      { "code": "KE", "name": "Kenya, Republic of", "dial_code": 254 },
      { "code": "LS", "name": "Lesotho, Kingdom of", "dial_code": 266 },
      { "code": "LR", "name": "Liberia, Republic of", "dial_code": 231 },
      { "code": "LY", "name": "Libyan Arab Jamahiriya", "dial_code": 218 },
      { "code": "MG", "name": "Madagascar, Republic of", "dial_code": 261 },
      { "code": "MW", "name": "Malawi, Republic of", "dial_code": 265 },
      { "code": "ML", "name": "Mali, Republic of", "dial_code": 223 },
      {
        "code": "MR",
        "name": "Mauritania, Islamic Republic of",
        "dial_code": 222
      },
      { "code": "MU", "name": "Mauritius, Republic of", "dial_code": 230 },
      { "code": "YT", "name": "Mayotte", "dial_code": 262 },
      { "code": "MA", "name": "Morocco, Kingdom of", "dial_code": 212 },
      { "code": "MZ", "name": "Mozambique, Republic of", "dial_code": 258 },
      { "code": "NA", "name": "Namibia, Republic of", "dial_code": 264 },
      { "code": "NE", "name": "Niger, Republic of", "dial_code": 227 },
      {
        "code": "NG",
        "name": "Nigeria, Federal Republic of",
        "dial_code": 234
      },
      { "code": "RE", "name": "Reunion", "dial_code": 262 },
      { "code": "RW", "name": "Rwanda, Republic of", "dial_code": 250 },
      { "code": "SH", "name": "Saint Helena", "dial_code": 290 },
      {
        "code": "ST",
        "name": "Sao Tome and Principe, Democratic Republic of",
        "dial_code": 239
      },
      { "code": "SN", "name": "Senegal, Republic of", "dial_code": 221 },
      { "code": "SC", "name": "Seychelles, Republic of", "dial_code": 248 },
      { "code": "SL", "name": "Sierra Leone, Republic of", "dial_code": 232 },
      { "code": "SO", "name": "Somalia, Somali Republic", "dial_code": 252 },
      { "code": "ZA", "name": "South Africa, Republic of", "dial_code": 27 },
      { "code": "SS", "name": "South Sudan", "dial_code": 211 },
      { "code": "SD", "name": "Sudan, Republic of", "dial_code": 249 },
      { "code": "SZ", "name": "Swaziland, Kingdom of", "dial_code": 268 },
      {
        "code": "TZ",
        "name": "Tanzania, United Republic of",
        "dial_code": 255
      },
      { "code": "TG", "name": "Togo, Togolese Republic", "dial_code": 228 },
      { "code": "TN", "name": "Tunisia, Tunisian Republic", "dial_code": 216 },
      { "code": "UG", "name": "Uganda, Republic of", "dial_code": 256 },
      { "code": "EH", "name": "Western Sahara", "dial_code": 212 },
      { "code": "ZM", "name": "Zambia, Republic of", "dial_code": 260 },
      { "code": "ZW", "name": "Zimbabwe, Republic of", "dial_code": 263 }
    ]
  },
  {
    "code": "AN",
    "name": "Antarctica",
    "countries": [
      {
        "code": "AQ",
        "name": "Antarctica (the territory South of 60 deg S)",
        "dial_code": 672
      },
      { "code": "BV", "name": "Bouvet Island (Bouvetoya)", "dial_code": 47 },
      { "code": "TF", "name": "French Southern Territories", "dial_code": 262 },
      {
        "code": "HM",
        "name": "Heard Island and McDonald Islands",
        "dial_code": 672
      },
      {
        "code": "GS",
        "name": "South Georgia and the South Sandwich Islands",
        "dial_code": 500
      }
    ]
  },
  {
    "code": "AS",
    "name": "Asia",
    "countries": [
      {
        "code": "AF",
        "name": "Afghanistan, Islamic Republic of",
        "dial_code": 93
      },
      { "code": "AM", "name": "Armenia, Republic of", "dial_code": 374 },
      { "code": "AZ", "name": "Azerbaijan, Republic of", "dial_code": 994 },
      { "code": "BH", "name": "Bahrain, Kingdom of", "dial_code": 973 },
      {
        "code": "BD",
        "name": "Bangladesh, People's Republic of",
        "dial_code": 880
      },
      { "code": "BT", "name": "Bhutan, Kingdom of", "dial_code": 975 },
      {
        "code": "IO",
        "name": "British Indian Ocean Territory (Chagos Archipelago)",
        "dial_code": 246
      },
      { "code": "BN", "name": "Brunei Darussalam", "dial_code": 673 },
      { "code": "KH", "name": "Cambodia, Kingdom of", "dial_code": 855 },
      { "code": "CN", "name": "China, People's Republic of", "dial_code": 86 },
      { "code": "CX", "name": "Christmas Island", "dial_code": 61 },
      { "code": "CC", "name": "Cocos (Keeling) Islands", "dial_code": 61 },
      { "code": "CY", "name": "Cyprus, Republic of", "dial_code": 357 },
      { "code": "GE", "name": "Georgia", "dial_code": 995 },
      {
        "code": "HK",
        "name": "Hong Kong, Special Administrative Region of China",
        "dial_code": 852
      },
      { "code": "IN", "name": "India, Republic of", "dial_code": 91 },
      { "code": "ID", "name": "Indonesia, Republic of", "dial_code": 62 },
      { "code": "IR", "name": "Iran, Islamic Republic of", "dial_code": 98 },
      { "code": "IQ", "name": "Iraq, Republic of", "dial_code": 964 },
      { "code": "IL", "name": "Israel, State of", "dial_code": 972 },
      { "code": "JP", "name": "Japan", "dial_code": 81 },
      {
        "code": "JO",
        "name": "Jordan, Hashemite Kingdom of",
        "dial_code": 962
      },
      { "code": "KZ", "name": "Kazakhstan, Republic of", "dial_code": 7 },
      {
        "code": "KP",
        "name": "Korea, Democratic People's Republic of",
        "dial_code": 850
      },
      { "code": "KR", "name": "Korea, Republic of", "dial_code": 82 },
      { "code": "KW", "name": "Kuwait, State of", "dial_code": 965 },
      { "code": "KG", "name": "Kyrgyz Republic", "dial_code": 996 },
      {
        "code": "LA",
        "name": "Lao People's Democratic Republic",
        "dial_code": 856
      },
      { "code": "LB", "name": "Lebanon, Lebanese Republic", "dial_code": 961 },
      {
        "code": "MO",
        "name": "Macao, Special Administrative Region of China",
        "dial_code": 853
      },
      { "code": "MY", "name": "Malaysia", "dial_code": 60 },
      { "code": "MV", "name": "Maldives, Republic of", "dial_code": 960 },
      { "code": "MN", "name": "Mongolia", "dial_code": 976 },
      { "code": "MM", "name": "Myanmar, Union of", "dial_code": 95 },
      { "code": "NP", "name": "Nepal, State of", "dial_code": 977 },
      { "code": "OM", "name": "Oman, Sultanate of", "dial_code": 968 },
      {
        "code": "PK",
        "name": "Pakistan, Islamic Republic of",
        "dial_code": 92
      },
      {
        "code": "PS",
        "name": "Palestinian Territory, Occupied",
        "dial_code": 970
      },
      { "code": "PH", "name": "Philippines, Republic of the", "dial_code": 63 },
      { "code": "QA", "name": "Qatar, State of", "dial_code": 974 },
      { "code": "RU", "name": "Russian Federation", "dial_code": 7 },
      { "code": "SA", "name": "Saudi Arabia, Kingdom of", "dial_code": 966 },
      { "code": "SG", "name": "Singapore, Republic of", "dial_code": 65 },
      {
        "code": "LK",
        "name": "Sri Lanka, Democratic Socialist Republic of",
        "dial_code": 94
      },
      { "code": "SY", "name": "Syrian Arab Republic", "dial_code": 963 },
      { "code": "TW", "name": "Taiwan", "dial_code": 886 },
      { "code": "TJ", "name": "Tajikistan, Republic of", "dial_code": 992 },
      { "code": "TH", "name": "Thailand, Kingdom of", "dial_code": 66 },
      {
        "code": "TL",
        "name": "Timor-Leste, Democratic Republic of",
        "dial_code": 670
      },
      { "code": "TR", "name": "Turkey, Republic of", "dial_code": 90 },
      { "code": "TM", "name": "Turkmenistan", "dial_code": 993 },
      { "code": "AE", "name": "United Arab Emirates", "dial_code": 971 },
      { "code": "UZ", "name": "Uzbekistan, Republic of", "dial_code": 998 },
      {
        "code": "VN",
        "name": "Vietnam, Socialist Republic of",
        "dial_code": 84
      },
      { "code": "YE", "name": "Yemen", "dial_code": 967 }
    ]
  },
  {
    "code": "OC",
    "name": "Australia",
    "countries": [
      { "code": "AS", "name": "American Samoa", "dial_code": "1-684" },
      { "code": "AU", "name": "Australia, Commonwealth of", "dial_code": 61 },
      { "code": "CK", "name": "Cook Islands", "dial_code": 682 },
      {
        "code": "FJ",
        "name": "Fiji, Republic of the Fiji Islands",
        "dial_code": 679
      },
      { "code": "PF", "name": "French Polynesia", "dial_code": 689 },
      { "code": "GU", "name": "Guam", "dial_code": "1-671" },
      { "code": "KI", "name": "Kiribati, Republic of", "dial_code": 686 },
      {
        "code": "MH",
        "name": "Marshall Islands, Republic of the",
        "dial_code": 692
      },
      {
        "code": "FM",
        "name": "Micronesia, Federated States of",
        "dial_code": 691
      },
      { "code": "NR", "name": "Nauru, Republic of", "dial_code": 674 },
      { "code": "NC", "name": "New Caledonia", "dial_code": 687 },
      { "code": "NZ", "name": "New Zealand", "dial_code": 64 },
      { "code": "NU", "name": "Niue", "dial_code": 683 },
      { "code": "NF", "name": "Norfolk Island", "dial_code": 672 },
      {
        "code": "MP",
        "name": "Northern Mariana Islands, Commonwealth of the",
        "dial_code": "1-670"
      },
      { "code": "PW", "name": "Palau, Republic of", "dial_code": 680 },
      {
        "code": "PG",
        "name": "Papua New Guinea, Independent State of",
        "dial_code": 675
      },
      { "code": "PN", "name": "Pitcairn Islands", "dial_code": 870 },
      { "code": "WS", "name": "Samoa, Independent State of", "dial_code": 685 },
      { "code": "SB", "name": "Solomon Islands", "dial_code": 677 },
      { "code": "TK", "name": "Tokelau", "dial_code": 690 },
      { "code": "TO", "name": "Tonga, Kingdom of", "dial_code": 676 },
      { "code": "TV", "name": "Tuvalu", "dial_code": 688 },
      {
        "code": "UM",
        "name": "United States Minor Outlying Islands",
        "dial_code": 246
      },
      { "code": "VU", "name": "Vanuatu, Republic of", "dial_code": 678 },
      { "code": "WF", "name": "Wallis and Futuna", "dial_code": 681 }
    ]
  },
  {
    "code": "EU",
    "name": "Europe",
    "countries": [
      { "code": "AL", "name": "Albania, Republic of", "dial_code": 355 },
      { "code": "AD", "name": "Andorra, Principality of", "dial_code": 376 },
      { "code": "AM", "name": "Armenia, Republic of", "dial_code": 374 },
      { "code": "AT", "name": "Austria, Republic of", "dial_code": 43 },
      { "code": "AZ", "name": "Azerbaijan, Republic of", "dial_code": 994 },
      { "code": "BY", "name": "Belarus, Republic of", "dial_code": 375 },
      { "code": "BE", "name": "Belgium, Kingdom of", "dial_code": 32 },
      { "code": "BA", "name": "Bosnia and Herzegovina", "dial_code": 387 },
      { "code": "BG", "name": "Bulgaria, Republic of", "dial_code": 359 },
      { "code": "HR", "name": "Croatia, Republic of", "dial_code": 385 },
      { "code": "CY", "name": "Cyprus, Republic of", "dial_code": 357 },
      { "code": "CZ", "name": "Czech Republic", "dial_code": 420 },
      { "code": "DK", "name": "Denmark, Kingdom of", "dial_code": 45 },
      { "code": "EE", "name": "Estonia, Republic of", "dial_code": 372 },
      { "code": "FO", "name": "Faroe Islands", "dial_code": 298 },
      { "code": "FI", "name": "Finland, Republic of", "dial_code": 358 },
      { "code": "FR", "name": "France, French Republic", "dial_code": 33 },
      { "code": "GE", "name": "Georgia", "dial_code": 995 },
      { "code": "DE", "name": "Germany, Federal Republic of", "dial_code": 49 },
      { "code": "GI", "name": "Gibraltar", "dial_code": 350 },
      { "code": "GR", "name": "Greece, Hellenic Republic", "dial_code": 30 },
      { "code": "GG", "name": "Guernsey, Bailiwick of", "dial_code": 44 },
      {
        "code": "VA",
        "name": "Holy See (Vatican City State)",
        "dial_code": "39-06"
      },
      { "code": "HU", "name": "Hungary, Republic of", "dial_code": 36 },
      { "code": "IS", "name": "Iceland, Republic of", "dial_code": 354 },
      { "code": "IE", "name": "Ireland", "dial_code": 353 },
      { "code": "IM", "name": "Isle of Man", "dial_code": 44 },
      { "code": "IT", "name": "Italy, Italian Republic", "dial_code": 39 },
      { "code": "JE", "name": "Jersey, Bailiwick of", "dial_code": 44 },
      { "code": "KZ", "name": "Kazakhstan, Republic of", "dial_code": 7 },
      { "code": "LV", "name": "Latvia, Republic of", "dial_code": 371 },
      {
        "code": "LI",
        "name": "Liechtenstein, Principality of",
        "dial_code": 423
      },
      { "code": "LT", "name": "Lithuania, Republic of", "dial_code": 370 },
      { "code": "LU", "name": "Luxembourg, Grand Duchy of", "dial_code": 352 },
      {
        "code": "MK",
        "name": "Macedonia, The Former Yugoslav Republic of",
        "dial_code": 389
      },
      { "code": "MT", "name": "Malta, Republic of", "dial_code": 356 },
      { "code": "MD", "name": "Moldova, Republic of", "dial_code": 373 },
      { "code": "MC", "name": "Monaco, Principality of", "dial_code": 377 },
      { "code": "ME", "name": "Montenegro, Republic of", "dial_code": 382 },
      { "code": "NL", "name": "Netherlands, Kingdom of the", "dial_code": 31 },
      { "code": "NO", "name": "Norway, Kingdom of", "dial_code": 47 },
      { "code": "PL", "name": "Poland, Republic of", "dial_code": 48 },
      {
        "code": "PT",
        "name": "Portugal, Portuguese Republic",
        "dial_code": 351
      },
      { "code": "RO", "name": "Romania", "dial_code": 40 },
      { "code": "RU", "name": "Russian Federation", "dial_code": 7 },
      { "code": "SM", "name": "San Marino, Republic of", "dial_code": 378 },
      { "code": "RS", "name": "Serbia, Republic of", "dial_code": 381 },
      { "code": "SK", "name": "Slovakia (Slovak Republic)", "dial_code": 421 },
      { "code": "SI", "name": "Slovenia, Republic of", "dial_code": 386 },
      { "code": "ES", "name": "Spain, Kingdom of", "dial_code": 34 },
      { "code": "SJ", "name": "Svalbard & Jan Mayen Islands", "dial_code": 47 },
      { "code": "SE", "name": "Sweden, Kingdom of", "dial_code": 46 },
      {
        "code": "CH",
        "name": "Switzerland, Swiss Confederation",
        "dial_code": 41
      },
      { "code": "TR", "name": "Turkey, Republic of", "dial_code": 90 },
      { "code": "UA", "name": "Ukraine", "dial_code": 380 },
      {
        "code": "GB",
        "name": "United Kingdom of Great Britain & Northern Ireland",
        "dial_code": 44
      },
      { "code": "AX", "name": "Åland Islands", "dial_code": 358 }
    ]
  },
  {
    "code": "NA",
    "name": "North America",
    "countries": [
      { "code": "AI", "name": "Anguilla", "dial_code": "1-264" },
      { "code": "AG", "name": "Antigua and Barbuda", "dial_code": "1-268" },
      { "code": "AW", "name": "Aruba", "dial_code": 297 },
      {
        "code": "BS",
        "name": "Bahamas, Commonwealth of the",
        "dial_code": "1-242"
      },
      { "code": "BB", "name": "Barbados", "dial_code": "1-246" },
      { "code": "BZ", "name": "Belize", "dial_code": 501 },
      { "code": "BM", "name": "Bermuda", "dial_code": "1-441" },
      {
        "code": "BQ",
        "name": "Bonaire, Sint Eustatius and Saba",
        "dial_code": 599
      },
      { "code": "VG", "name": "British Virgin Islands", "dial_code": "1-284" },
      { "code": "CA", "name": "Canada", "dial_code": 1 },
      { "code": "KY", "name": "Cayman Islands", "dial_code": "1-345" },
      { "code": "CR", "name": "Costa Rica, Republic of", "dial_code": 506 },
      { "code": "CU", "name": "Cuba, Republic of", "dial_code": 53 },
      { "code": "CW", "name": "Curaçao", "dial_code": 599 },
      {
        "code": "DM",
        "name": "Dominica, Commonwealth of",
        "dial_code": "1-767"
      },
      {
        "code": "DO",
        "name": "Dominican Republic",
        "dial_code": "1-809,1-829,1-849"
      },
      { "code": "SV", "name": "El Salvador, Republic of", "dial_code": 503 },
      { "code": "GL", "name": "Greenland", "dial_code": 299 },
      { "code": "GD", "name": "Grenada", "dial_code": "1-473" },
      { "code": "GP", "name": "Guadeloupe", "dial_code": 590 },
      { "code": "GT", "name": "Guatemala, Republic of", "dial_code": 502 },
      { "code": "HT", "name": "Haiti, Republic of", "dial_code": 509 },
      { "code": "HN", "name": "Honduras, Republic of", "dial_code": 504 },
      { "code": "JM", "name": "Jamaica", "dial_code": "1-876" },
      { "code": "MQ", "name": "Martinique", "dial_code": 596 },
      {
        "code": "MX",
        "name": "Mexico, United Mexican States",
        "dial_code": 52
      },
      { "code": "MS", "name": "Montserrat", "dial_code": "1-664" },
      { "code": "AN", "name": "Netherlands Antilles", "dial_code": 599 },
      { "code": "NI", "name": "Nicaragua, Republic of", "dial_code": 505 },
      { "code": "PA", "name": "Panama, Republic of", "dial_code": 507 },
      { "code": "PR", "name": "Puerto Rico, Commonwealth of", "dial_code": 1 },
      { "code": "BL", "name": "Saint Barthelemy", "dial_code": 590 },
      {
        "code": "KN",
        "name": "Saint Kitts and Nevis, Federation of",
        "dial_code": "1-869"
      },
      { "code": "LC", "name": "Saint Lucia", "dial_code": "1-758" },
      { "code": "MF", "name": "Saint Martin", "dial_code": 590 },
      { "code": "PM", "name": "Saint Pierre and Miquelon", "dial_code": 508 },
      {
        "code": "VC",
        "name": "Saint Vincent and the Grenadines",
        "dial_code": "1-784"
      },
      {
        "code": "SX",
        "name": "Sint Maarten (Netherlands)",
        "dial_code": "1-721"
      },
      {
        "code": "TT",
        "name": "Trinidad and Tobago, Republic of",
        "dial_code": "1-868"
      },
      {
        "code": "TC",
        "name": "Turks and Caicos Islands",
        "dial_code": "1-649"
      },
      {
        "code": "UM",
        "name": "United States Minor Outlying Islands",
        "dial_code": 246
      },
      {
        "code": "VI",
        "name": "United States Virgin Islands",
        "dial_code": "1-340"
      },
      { "code": "US", "name": "United States of America", "dial_code": 1 }
    ]
  },
  {
    "code": "SA",
    "name": "South America",
    "countries": [
      {
        "code": "AR",
        "name": "Argentina, Argentine Republic",
        "dial_code": 54
      },
      { "code": "BO", "name": "Bolivia, Republic of", "dial_code": 591 },
      {
        "code": "BR",
        "name": "Brazil, Federative Republic of",
        "dial_code": 55
      },
      { "code": "CL", "name": "Chile, Republic of", "dial_code": 56 },
      { "code": "CO", "name": "Colombia, Republic of", "dial_code": 57 },
      { "code": "EC", "name": "Ecuador, Republic of", "dial_code": 593 },
      { "code": "FK", "name": "Falkland Islands (Malvinas)", "dial_code": 500 },
      { "code": "GF", "name": "French Guiana", "dial_code": 594 },
      {
        "code": "GY",
        "name": "Guyana, Co-operative Republic of",
        "dial_code": 592
      },
      { "code": "PY", "name": "Paraguay, Republic of", "dial_code": 595 },
      { "code": "PE", "name": "Peru, Republic of", "dial_code": 51 },
      { "code": "SR", "name": "Suriname, Republic of", "dial_code": 597 },
      {
        "code": "UY",
        "name": "Uruguay, Eastern Republic of",
        "dial_code": 598
      },
      {
        "code": "VE",
        "name": "Venezuela, Bolivarian Republic of",
        "dial_code": 58
      }
    ]
  }
]
